Workbook

Sheet Assumptions
A1: EleTect X — Power Budget Assumptions
A2: Edit the blue Value cells. Yellow-filled rows are placeholder estimates (no site data yet) — revisit first.
A4: Assumption | B4: Value | C4: Unit | D4: Source / note
A5: Board baseline power (MCU active, MPU deep-suspend) | B5: 0.45 | C5: W | D5: ADR 0008 — real measured 0.42-0.45W @5.1V for this exact use case (continuous sensing, MPU woken only on event). Using worst case.
A6: Sensor front-end + env sensor overhead | B6: 0.08 | C6: W | D6: Estimate: INA333 + MCP6002 dual op-amp + BME280 + MPU-6050 quiescent draw, generous margin (each is sub-mA class).
A7: LoRa idle/heartbeat energy | B7: 0.05 | C7: Wh/day | D7: Estimate: Grove LoRa-E5 (STM32WLE5) TX ~120mA for well under 1s per uplink, ~15 uplinks/day. Effectively negligible either way.
A8: MPU active power (camera streaming + inference) | B8: 6.1 | C8: W | D8: Community-measured Arduino UNO Q camera-inference power draw (forum/review sources, 2026) — see Notes tab for links.
A9: Tier-1 events/day (wake + vision-confirm, no deterrence) | B9: 8 | C9: count/day | D9: PLACEHOLDER — no site-specific detection-rate data yet for this boundary. Adjust once field data exists.
A10: Tier-1 MPU active duration | B10: 90 | C10: s | D10: Estimate: suspend-resume + camera + inference + fusion decision, no deterrence hardware.
A11: Tier-2 events/day (confirmed elephant, full deterrence) | B11: 3 | C11: count/day | D11: PLACEHOLDER — same caveat as Tier-1. This is the single highest-leverage number in this sheet — revisit with real DFO/field data.
A12: Tier-2 MPU active duration | B12: 150 | C12: s | D12: Estimate: resume + camera + inference + fusion + bandit decision + LoRa alert.
A13: Audio deterrence power (during blast) | B13: 18 | C13: W | D13: TPA3116D2 into 8ohm Ahuja SUH-15 horn at ~15W rated acoustic output, ~92% Class-D efficiency (TI datasheet) -> ~16-18W input.
A14: Audio duration per Tier-2 event | B14: 15 | C14: s | D14: Estimate — single deterrence blast.
A15: LED deterrence avg power (irregular strobe, ~55% duty) | B15: 10 | C15: W | D15: Estimate: 18W nominal max string x approx duty cycle for an irregular (not continuous) strobe pattern per CONTEXT.md.
A16: LED duration per Tier-2 event | B16: 45 | C16: s | D16: Estimate.
... A27: Fuse safety margin over calculated peak load | B27: 1.25 | C27: x | D27: Standard practice — fuse rated above worst-case peak draw, but still well under wire/connector/battery safe limits.

Sheet Daily Energy (Wh)
A1: EleTect X — Daily Energy Budget
A2: All cells below are formulas driven by the Assumptions tab — change assumptions there, this recalculates.
A4: Item | B4: Calculation | C4: Wh/day
A6: Baseline (24h continuous — reflex layer always on)
A7: Board baseline (MCU active, MPU deep-suspend) | B7: board W x 24h | C7: =Assumptions!$B$5*24 -> 10.8
A8: Sensor front-end + env sensor overhead | B8: sensor W x 24h | C8: =Assumptions!$B$6*24 -> 1.92
A9: LoRa idle/heartbeat | B9: direct entry | C9: =Assumptions!$B$7 -> 0.05
A10: Baseline subtotal | C10: =SUM(C7:C9) -> 12.77
A12: Tier 1 — MPU wake + vision-confirm, no deterrence
A13: Energy per Tier-1 event | B13: MPU active W x (duration s / 3600) | C13: =Assumptions!$B$8*(Assumptions!$B$10/3600) -> 0.1525
A14: Tier-1 daily energy | B14: per-event Wh x events/day | C14: =C13*Assumptions!$B$9 -> 1.22
A16: Tier 2 — confirmed elephant, full deterrence cycle
A17: MPU active energy per event | B17: MPU active W x (duration s / 3600) | C17: =Assumptions!$B$8*(Assumptions!$B$12/3600) -> 0.25416667
A18: Audio deterrence energy per event | B18: audio W x (duration s / 3600) | C18: =Assumptions!$B$13*(Assumptions!$B$14/3600) -> 0.075
A19: LED deterrence energy per event | B19: LED avg W x (duration s / 3600) | C19: =Assumptions!$B$15*(Assumptions!$B$16/3600) -> 0.125
A20: IR illuminator energy per event | B20: IR W x (duration s / 3600) | C20: =Assumptions!$B$18*(Assumptions!$B$19/3600) -> 0.075
A21: Total energy per Tier-2 event | C21: =SUM(C17:C20) -> 0.52916667
A22: Tier-2 daily energy | B22: per-event Wh x events/day | C22: =C21*Assumptions!$B$11 -> 1.5875
A24: Event subtotal | C24: =C14+C22 -> 2.8075
A26: TOTAL daily energy (no margin) | C26: =C10+C24 -> 15.5775
A27: TOTAL daily energy (design figure, with margin) | C27: =C26*Assumptions!$B$20 -> 19.471875

Sheet Battery & Solar Sizing
A1: EleTect X — Battery, Solar, MPPT, Fuse Sizing
A2: Formula-driven from Daily Energy (Wh) and Assumptions tabs.
A4: Item | B4: Calculation | C4: Value
A6: Battery
A7: Design daily energy | B7: from Daily Energy tab (with margin) | C7: ='Daily Energy (Wh)'!$C$27 -> 19.471875
A8: Battery capacity needed (Wh) | B8: daily Wh x autonomy days / DoD | C8: =C7*Assumptions!$B$22/Assumptions!$B$21 -> 68.724265
A9: Battery capacity needed (Ah) | B9: Wh / nominal voltage | C9: =C8/Assumptions!$B$23 -> 5.3690832
A10: Recommended battery capacity, rounded up | B10: CEILING to next whole Ah | C10: =CEILING(C9,1) -> 6
A12: Solar
A13: Annual average peak sun hours (Kochi/Ernakulam proxy) | B13: from Assumptions | C13: =Assumptions!$B$24 -> 4.6
A14: Monsoon-derated peak sun hours (design case) | B14: annual PSH x (1 - monsoon derate) | C14: =Assumptions!$B$24*(1-Assumptions!$B$25) -> 3.22
A15: Minimum panel wattage needed (theoretical) | B15: daily Wh / (monsoon PSH x system derate) | C15: =C7/(C14*Assumptions!$B$26) -> 8.0628882
A16: 15W panel — monsoon-day harvest | B16: 15 x monsoon PSH x system derate | C16: =15*C14*Assumptions!$B$26 -> 36.225
A17: 20W panel — monsoon-day harvest | B17: 20 x monsoon PSH x system derate | C17: =20*C14*Assumptions!$B$26 -> 48.3
A18: Margin vs need — 15W panel | B18: harvest / design daily need | C18: =C16/C7 -> 1.8603755
A19: Margin vs need — 20W panel | B19: harvest / design daily need | C19: =C17/C7 -> 2.4805007
A20: Recommended panel: 15W (theoretical) / 20W (realistic purchase)
A21: Reason (revised 12 Aug): 15W clears the monsoon-derated need with about 1.86x margin. In practice, small retail panels are commonly sold in 10W/20W steps, not 15W, so 20W (about 2.48x margin) is the realistic smallest purchasable size - see the Notes tab for a real Robu.in listing.
A23: MPPT controller
A24: Approx. charging current at 20W / battery voltage | B24: panel W / battery V | C24: =20/Assumptions!$B$23 -> 1.5625
A25: Recommended MPPT continuous rating (min, with margin) | B25: approx current x 1.5 | C25: =C24*1.5 -> 2.34375
A26: Must be explicitly LiFePO4-profile (absorption ~14.6V, float ~13.6V for 4S) and low quiescent current — a leaky always-on MPPT can itself eat into the small daily budget above.
A28: Fuse (main battery-to-load protection)
A29: Peak instantaneous load (MPU active + audio + LEDs max + IR, worst-case coincident) | B29: sum of peak-draw assumption cells | C29: =Assumptions!$B$8+Assumptions!$B$13+Assumptions!$B$17+Assumptions!$B$18 -> 45.1
A30: Peak current draw | B30: peak W / battery V | C30: =C29/Assumptions!$B$23 -> 3.5234375
A31: Recommended minimum fuse rating | B31: peak current x safety margin | C31: =C30*Assumptions!$B$27 -> 4.4042969
A32: Existing BOM fuse spec | B32: hardware/bom/bom.md section 6 | C32: 5
A33: Margin of existing 5A fuse over calculated minimum | B33: 5A / recommended minimum | C33: =C32/C31 -> 1.135255
A36: Autonomy sensitivity (reference only - main figures above use 3-day / 85% DoD)
A37: Scenario | B37: Calculation | C37: Battery (Ah, rounded up)
A38: 2 days no-sun (smallest, tighter monsoon risk) | B38: daily Wh x 2 / 0.85 DoD / 12.8V | C38: =CEILING(C7*2/Assumptions!$B$21/Assumptions!$B$23,1) -> 4
A39: 3 days no-sun - RECOMMENDED | B39: daily Wh x 3 / 0.85 DoD / 12.8V | C39: =CEILING(C7*3/Assumptions!$B$21/Assumptions!$B$23,1) -> 6
A40: 4 days no-sun (original, more conservative) | B40: daily Wh x 4 / 0.85 DoD / 12.8V | C40: =CEILING(C7*4/Assumptions!$B$21/Assumptions!$B$23,1) -> 8

Sheet Notes & Sources
A1: EleTect X — Power Budget: Notes, Sources, and Open Items
A3: Purpose
A4: Sizes the 4S LiFePO4 + MPPT + solar panel + fuse block flagged in hardware/bom/procurement-status.md as 'the one block still fully unordered'. Every blue-editable number lives on the Assumptions tab; change any of them and the rest of the workbook recalculates.
A6: What's a real measurement vs. an estimate
A7: Real, project-sourced: the 0.42-0.45W board-baseline figure (MCU active, MPU deep-suspend) comes directly from ADR 0008, a real bench measurement from a forum user building the same always-on-sensing/wake-on-event use case, cross-checked against the official Arduino UNO Q power-specification page. That number alone accounts for roughly 10.8Wh of the ~13Wh/day baseline, which is why ADR 0008 calls it 'the single most important number to react to' — this sizing exercise agrees and treats it the same way.
A8: Real, third-party-sourced: MPU active/camera-inference power (~6.1W) and TPA3116D2 efficiency (~92%) are public, cited figures (see Sources below), not guesses.
A9: Estimates, flagged in the Assumptions tab notes column: IR illuminator draw (board not yet in hand), LED strobe duty cycle, and event durations. None of these move the total by more than roughly 10-15% even at generous error bars, because the always-on baseline dominates the daily budget.
A10: PLACEHOLDERS (yellow rows in Assumptions): Tier-1 and Tier-2 daily event counts. There is no site-specific detection-rate data for this boundary yet — these are reasonable planning numbers, not measurements. They are also the lowest-leverage numbers in the sheet: even doubling both event counts only adds ~2-3Wh/day against a ~13Wh/day baseline, so the sizing conclusion below is not sensitive to getting them exactly right.
A12: Bottom line
A13: The power budget is baseline-dominated, not event-dominated. The MPU's deep-suspend draw (chosen in ADR 0008 over full poweroff, because no confirmed MPU wake-from-poweroff mechanism exists on this board) is the real cost center. Sizing generously against it is the right lever, not shaving milliseconds off deterrence bursts.
A15: Recommended purchase specs (see Battery & Solar Sizing tab for the live numbers)
A16: - Battery: 4S LiFePO4, ~8Ah, WITH INTEGRATED BMS (resolves the separate-BMS BOM line in one purchase). At this capacity a compact prismatic or cylindrical pack is normal off-the-shelf sizing for 12V solar/CCTV-class packs in India — not the bulkier lead-acid-equivalent size the 6-10Ah BOM range might suggest.
... A47: - Fuse + holder: Robu.in 'Waterproof In-Line Blade Fuse with Holders' (5pcs) - INR 563. Confirm a 5A fuse is included in the assortment, or buy loose 5A blade fuses separately to guarantee the rating.
